filename,source_project,source_title,source_url,author,license,license_url,notes
mandarin_ipa_a.mp3,Wikimedia Commons IPA chart audio,File:PR-open front unrounded vowel.ogg for [a],https://commons.wikimedia.org/wiki/File:PR-open_front_unrounded_vowel.ogg,Wikimedia Commons contributors; see source file page,See source file page,https://commons.wikimedia.org/wiki/File:PR-open_front_unrounded_vowel.ogg,Direct IPA chart audio from https://en.wikipedia.org/wiki/IPA_vowel_chart_with_audio.
mandarin_ipa_a_central.mp3,Wikimedia Commons IPA chart audio,File:Open central unrounded vowel.ogg for [ä],https://commons.wikimedia.org/wiki/File:Open_central_unrounded_vowel.ogg,Wikimedia Commons contributors; see source file page,See source file page,https://commons.wikimedia.org/wiki/File:Open_central_unrounded_vowel.ogg,Direct IPA chart audio from https://en.wikipedia.org/wiki/IPA_vowel_chart_with_audio.
mandarin_ipa_a_central_er.mp3,Pinyin syllable demo,zispace/hanyu-pinyin-audio pinyin syllable er2.mp3 for [äɚ̯],https://github.com/zispace/hanyu-pinyin-audio/releases/tag/v0.1,zispace/hanyu-pinyin-audio source archive contributors,See upstream source archive,https://github.com/zispace/hanyu-pinyin-audio/releases/tag/v0.1,"Auxiliary audio from github-hugolpz-audio.zip. This is a full Mandarin syllable demo, not isolated IPA-symbol audio. nearest rhotic syllable demo"
mandarin_ipa_a_central_nasal_er.mp3,Pinyin syllable demo,zispace/hanyu-pinyin-audio pinyin syllable er2.mp3 for [ä̃ɚ̯̃],https://github.com/zispace/hanyu-pinyin-audio/releases/tag/v0.1,zispace/hanyu-pinyin-audio source archive contributors,See upstream source archive,https://github.com/zispace/hanyu-pinyin-audio/releases/tag/v0.1,"Auxiliary audio from github-hugolpz-audio.zip. This is a full Mandarin syllable demo, not isolated IPA-symbol audio. nearest rhotic syllable demo"
mandarin_ipa_ai.mp3,Pinyin syllable demo,zispace/hanyu-pinyin-audio pinyin syllable ai1.mp3 for [ai̯],https://github.com/zispace/hanyu-pinyin-audio/releases/tag/v0.1,zispace/hanyu-pinyin-audio source archive contributors,See upstream source archive,https://github.com/zispace/hanyu-pinyin-audio/releases/tag/v0.1,"Auxiliary audio from github-hugolpz-audio.zip. This is a full Mandarin syllable demo, not isolated IPA-symbol audio."
mandarin_ipa_alpha.mp3,Wikimedia Commons IPA chart audio,File:Open back unrounded vowel.ogg for [ɑ],https://commons.wikimedia.org/wiki/File:Open_back_unrounded_vowel.ogg,Wikimedia Commons contributors; see source file page,See source file page,https://commons.wikimedia.org/wiki/File:Open_back_unrounded_vowel.ogg,Direct IPA chart audio from https://en.wikipedia.org/wiki/IPA_vowel_chart_with_audio.
mandarin_ipa_alpha_u.mp3,Pinyin syllable demo,zispace/hanyu-pinyin-audio pinyin syllable ao1.mp3 for [ɑu̯],https://github.com/zispace/hanyu-pinyin-audio/releases/tag/v0.1,zispace/hanyu-pinyin-audio source archive contributors,See upstream source archive,https://github.com/zispace/hanyu-pinyin-audio/releases/tag/v0.1,"Auxiliary audio from github-hugolpz-audio.zip. This is a full Mandarin syllable demo, not isolated IPA-symbol audio."
mandarin_ipa_alpha_u_rhotic.mp3,Pinyin syllable demo,zispace/hanyu-pinyin-audio pinyin syllable ao1.mp3 for [ɑu̯˞],https://github.com/zispace/hanyu-pinyin-audio/releases/tag/v0.1,zispace/hanyu-pinyin-audio source archive contributors,See upstream source archive,https://github.com/zispace/hanyu-pinyin-audio/releases/tag/v0.1,"Auxiliary audio from github-hugolpz-audio.zip. This is a full Mandarin syllable demo, not isolated IPA-symbol audio. base ao syllable demo; not erhua"
mandarin_ipa_alveolopalatal_sibilant.mp3,Wikimedia Commons IPA chart audio,File:Voiceless alveolo-palatal sibilant.ogg for [ɕ],https://commons.wikimedia.org/wiki/File:Voiceless_alveolo-palatal_sibilant.ogg,Wikimedia Commons contributors; see source file page,See source file page,https://commons.wikimedia.org/wiki/File:Voiceless_alveolo-palatal_sibilant.ogg,Direct IPA chart audio from https://en.wikipedia.org/wiki/IPA_consonant_chart_with_audio.
mandarin_ipa_apical_alveolar_vowel.mp3,Pinyin syllable demo,zispace/hanyu-pinyin-audio pinyin syllable zi1.mp3 for [ɿ],https://github.com/zispace/hanyu-pinyin-audio/releases/tag/v0.1,zispace/hanyu-pinyin-audio source archive contributors,See upstream source archive,https://github.com/zispace/hanyu-pinyin-audio/releases/tag/v0.1,"Auxiliary audio from github-hugolpz-audio.zip. This is a full Mandarin syllable demo, not isolated IPA-symbol audio."
mandarin_ipa_apical_retroflex_vowel.mp3,Pinyin syllable demo,zispace/hanyu-pinyin-audio pinyin syllable zhi1.mp3 for [ʅ],https://github.com/zispace/hanyu-pinyin-audio/releases/tag/v0.1,zispace/hanyu-pinyin-audio source archive contributors,See upstream source archive,https://github.com/zispace/hanyu-pinyin-audio/releases/tag/v0.1,"Auxiliary audio from github-hugolpz-audio.zip. This is a full Mandarin syllable demo, not isolated IPA-symbol audio."
mandarin_ipa_e_lowered.mp3,Wikimedia Commons IPA chart audio,File:Mid front unrounded vowel.ogg for [e̞],https://commons.wikimedia.org/wiki/File:Mid_front_unrounded_vowel.ogg,Wikimedia Commons contributors; see source file page,See source file page,https://commons.wikimedia.org/wiki/File:Mid_front_unrounded_vowel.ogg,Direct IPA chart audio from https://en.wikipedia.org/wiki/IPA_vowel_chart_with_audio.
mandarin_ipa_ei.mp3,Pinyin syllable demo,zispace/hanyu-pinyin-audio pinyin syllable ei1.mp3 for [ei̯],https://github.com/zispace/hanyu-pinyin-audio/releases/tag/v0.1,zispace/hanyu-pinyin-audio source archive contributors,See upstream source archive,https://github.com/zispace/hanyu-pinyin-audio/releases/tag/v0.1,"Auxiliary audio from github-hugolpz-audio.zip. This is a full Mandarin syllable demo, not isolated IPA-symbol audio."
mandarin_ipa_eng.mp3,Wikimedia Commons IPA chart audio,File:Velar nasal.ogg for [ŋ],https://commons.wikimedia.org/wiki/File:Velar_nasal.ogg,Wikimedia Commons contributors; see source file page,See source file page,https://commons.wikimedia.org/wiki/File:Velar_nasal.ogg,Direct IPA chart audio from https://en.wikipedia.org/wiki/IPA_consonant_chart_with_audio.
mandarin_ipa_eng_voiceless.mp3,Wikimedia Commons IPA chart audio,File:Voiceless velar nasal.wav for [ŋ̊],https://commons.wikimedia.org/wiki/File:Voiceless_velar_nasal.wav,Wikimedia Commons contributors; see source file page,See source file page,https://commons.wikimedia.org/wiki/File:Voiceless_velar_nasal.wav,Direct IPA chart audio from https://en.wikipedia.org/wiki/IPA_consonant_chart_with_audio.
mandarin_ipa_epsilon.mp3,Wikimedia Commons IPA chart audio,File:Open-mid front unrounded vowel.ogg for [ɛ],https://commons.wikimedia.org/wiki/File:Open-mid_front_unrounded_vowel.ogg,Wikimedia Commons contributors; see source file page,See source file page,https://commons.wikimedia.org/wiki/File:Open-mid_front_unrounded_vowel.ogg,Direct IPA chart audio from https://en.wikipedia.org/wiki/IPA_vowel_chart_with_audio.
mandarin_ipa_er.mp3,Pinyin syllable demo,zispace/hanyu-pinyin-audio pinyin syllable er2.mp3 for [ɚ],https://github.com/zispace/hanyu-pinyin-audio/releases/tag/v0.1,zispace/hanyu-pinyin-audio source archive contributors,See upstream source archive,https://github.com/zispace/hanyu-pinyin-audio/releases/tag/v0.1,"Auxiliary audio from github-hugolpz-audio.zip. This is a full Mandarin syllable demo, not isolated IPA-symbol audio."
mandarin_ipa_er_nasalized.mp3,Pinyin syllable demo,zispace/hanyu-pinyin-audio pinyin syllable er2.mp3 for [ɚ̃],https://github.com/zispace/hanyu-pinyin-audio/releases/tag/v0.1,zispace/hanyu-pinyin-audio source archive contributors,See upstream source archive,https://github.com/zispace/hanyu-pinyin-audio/releases/tag/v0.1,"Auxiliary audio from github-hugolpz-audio.zip. This is a full Mandarin syllable demo, not isolated IPA-symbol audio. nearest er syllable demo; not nasalized"
mandarin_ipa_f.mp3,Wikimedia Commons IPA chart audio,File:Voiceless labio-dental fricative.ogg for [f],https://commons.wikimedia.org/wiki/File:Voiceless_labio-dental_fricative.ogg,Wikimedia Commons contributors; see source file page,See source file page,https://commons.wikimedia.org/wiki/File:Voiceless_labio-dental_fricative.ogg,Direct IPA chart audio from https://en.wikipedia.org/wiki/IPA_consonant_chart_with_audio.
mandarin_ipa_gamma.mp3,Wikimedia Commons IPA chart audio,File:Close-mid back unrounded vowel.ogg for [ɤ],https://commons.wikimedia.org/wiki/File:Close-mid_back_unrounded_vowel.ogg,Wikimedia Commons contributors; see source file page,See source file page,https://commons.wikimedia.org/wiki/File:Close-mid_back_unrounded_vowel.ogg,Direct IPA chart audio from https://en.wikipedia.org/wiki/IPA_vowel_chart_with_audio.
mandarin_ipa_gamma_lowered.mp3,Wikimedia Commons IPA chart audio,File:ɤ̞ IPA sound.opus for [ɤ̞],https://commons.wikimedia.org/wiki/File:ɤ̞_IPA_sound.opus,Wikimedia Commons contributors; see source file page,See source file page,https://commons.wikimedia.org/wiki/File:ɤ̞_IPA_sound.opus,Direct IPA chart audio from https://en.wikipedia.org/wiki/IPA_vowel_chart_with_audio.
mandarin_ipa_gamma_rhotic.mp3,Pinyin syllable demo,zispace/hanyu-pinyin-audio pinyin syllable er2.mp3 for [ɤ˞],https://github.com/zispace/hanyu-pinyin-audio/releases/tag/v0.1,zispace/hanyu-pinyin-audio source archive contributors,See upstream source archive,https://github.com/zispace/hanyu-pinyin-audio/releases/tag/v0.1,"Auxiliary audio from github-hugolpz-audio.zip. This is a full Mandarin syllable demo, not isolated IPA-symbol audio. nearest rhotic syllable demo"
mandarin_ipa_glottal_stop.mp3,Wikimedia Commons IPA chart audio,File:Glottal stop.ogg for [ʔ],https://commons.wikimedia.org/wiki/File:Glottal_stop.ogg,Wikimedia Commons contributors; see source file page,See source file page,https://commons.wikimedia.org/wiki/File:Glottal_stop.ogg,Direct IPA chart audio from https://en.wikipedia.org/wiki/IPA_consonant_chart_with_audio.
mandarin_ipa_h.mp3,Wikimedia Commons IPA chart audio,File:Voiceless glottal fricative.ogg for [h],https://commons.wikimedia.org/wiki/File:Voiceless_glottal_fricative.ogg,Wikimedia Commons contributors; see source file page,See source file page,https://commons.wikimedia.org/wiki/File:Voiceless_glottal_fricative.ogg,Direct IPA chart audio from https://en.wikipedia.org/wiki/IPA_consonant_chart_with_audio.
mandarin_ipa_i.mp3,Wikimedia Commons IPA chart audio,File:Close front unrounded vowel.ogg for [i],https://commons.wikimedia.org/wiki/File:Close_front_unrounded_vowel.ogg,Wikimedia Commons contributors; see source file page,See source file page,https://commons.wikimedia.org/wiki/File:Close_front_unrounded_vowel.ogg,Direct IPA chart audio from https://en.wikipedia.org/wiki/IPA_vowel_chart_with_audio.
mandarin_ipa_j.mp3,Wikimedia Commons IPA chart audio,File:Palatal approximant.ogg for [j],https://commons.wikimedia.org/wiki/File:Palatal_approximant.ogg,Wikimedia Commons contributors; see source file page,See source file page,https://commons.wikimedia.org/wiki/File:Palatal_approximant.ogg,Direct IPA chart audio from https://en.wikipedia.org/wiki/IPA_consonant_chart_with_audio.
mandarin_ipa_j_stroked.mp3,Pinyin syllable demo,zispace/hanyu-pinyin-audio pinyin syllable ji1.mp3 for [ɉ],https://github.com/zispace/hanyu-pinyin-audio/releases/tag/v0.1,zispace/hanyu-pinyin-audio source archive contributors,See upstream source archive,https://github.com/zispace/hanyu-pinyin-audio/releases/tag/v0.1,"Auxiliary audio from github-hugolpz-audio.zip. This is a full Mandarin syllable demo, not isolated IPA-symbol audio. nearest Mandarin j-like syllable demo"
mandarin_ipa_k.mp3,Wikimedia Commons IPA chart audio,File:Voiceless velar plosive.ogg for [k],https://commons.wikimedia.org/wiki/File:Voiceless_velar_plosive.ogg,Wikimedia Commons contributors; see source file page,See source file page,https://commons.wikimedia.org/wiki/File:Voiceless_velar_plosive.ogg,Direct IPA chart audio from https://en.wikipedia.org/wiki/IPA_consonant_chart_with_audio.
mandarin_ipa_k_aspirated.mp3,Pinyin syllable demo,zispace/hanyu-pinyin-audio pinyin syllable ka1.mp3 for [kʰ],https://github.com/zispace/hanyu-pinyin-audio/releases/tag/v0.1,zispace/hanyu-pinyin-audio source archive contributors,See upstream source archive,https://github.com/zispace/hanyu-pinyin-audio/releases/tag/v0.1,"Auxiliary audio from github-hugolpz-audio.zip. This is a full Mandarin syllable demo, not isolated IPA-symbol audio. aspirated Mandarin k in ka1"
mandarin_ipa_l.mp3,Wikimedia Commons IPA chart audio,File:Alveolar lateral approximant.ogg for [l],https://commons.wikimedia.org/wiki/File:Alveolar_lateral_approximant.ogg,Wikimedia Commons contributors; see source file page,See source file page,https://commons.wikimedia.org/wiki/File:Alveolar_lateral_approximant.ogg,Direct IPA chart audio from https://en.wikipedia.org/wiki/IPA_consonant_chart_with_audio.
mandarin_ipa_labiopalatal_approximant.mp3,Wikimedia Commons IPA chart audio,File:LL-Q150 (fra)-WikiLucas00-IPA ɥ.wav for [ɥ],https://commons.wikimedia.org/wiki/File:LL-Q150_(fra)-WikiLucas00-IPA_ɥ.wav,Wikimedia Commons contributors; see source file page,See source file page,https://commons.wikimedia.org/wiki/File:LL-Q150_(fra)-WikiLucas00-IPA_ɥ.wav,Direct IPA chart audio from https://en.wikipedia.org/wiki/IPA_consonant_chart_with_audio.
mandarin_ipa_m.mp3,Wikimedia Commons IPA chart audio,File:Bilabial nasal.ogg for [m],https://commons.wikimedia.org/wiki/File:Bilabial_nasal.ogg,Wikimedia Commons contributors; see source file page,See source file page,https://commons.wikimedia.org/wiki/File:Bilabial_nasal.ogg,Direct IPA chart audio from https://en.wikipedia.org/wiki/IPA_consonant_chart_with_audio.
mandarin_ipa_m_voiceless.mp3,Wikimedia Commons IPA chart audio,File:Voiceless Bilabial Nasal.ogg for [m̥],https://commons.wikimedia.org/wiki/File:Voiceless_Bilabial_Nasal.ogg,Wikimedia Commons contributors; see source file page,See source file page,https://commons.wikimedia.org/wiki/File:Voiceless_Bilabial_Nasal.ogg,Direct IPA chart audio from https://en.wikipedia.org/wiki/IPA_consonant_chart_with_audio.
mandarin_ipa_n.mp3,Wikimedia Commons IPA chart audio,File:Alveolar nasal.ogg for [n],https://commons.wikimedia.org/wiki/File:Alveolar_nasal.ogg,Wikimedia Commons contributors; see source file page,See source file page,https://commons.wikimedia.org/wiki/File:Alveolar_nasal.ogg,Direct IPA chart audio from https://en.wikipedia.org/wiki/IPA_consonant_chart_with_audio.
mandarin_ipa_n_palatalized.mp3,Pinyin syllable demo,zispace/hanyu-pinyin-audio pinyin syllable ni1.mp3 for [nʲ],https://github.com/zispace/hanyu-pinyin-audio/releases/tag/v0.1,zispace/hanyu-pinyin-audio source archive contributors,See upstream source archive,https://github.com/zispace/hanyu-pinyin-audio/releases/tag/v0.1,"Auxiliary audio from github-hugolpz-audio.zip. This is a full Mandarin syllable demo, not isolated IPA-symbol audio. Mandarin n before high front vowel"
mandarin_ipa_o_lowered.mp3,Wikimedia Commons IPA chart audio,File:Mid back rounded vowel.ogg for [o̞],https://commons.wikimedia.org/wiki/File:Mid_back_rounded_vowel.ogg,Wikimedia Commons contributors; see source file page,See source file page,https://commons.wikimedia.org/wiki/File:Mid_back_rounded_vowel.ogg,Direct IPA chart audio from https://en.wikipedia.org/wiki/IPA_vowel_chart_with_audio.
mandarin_ipa_o_lowered_rhotic.mp3,Pinyin syllable demo,zispace/hanyu-pinyin-audio pinyin syllable er2.mp3 for [o̞˞],https://github.com/zispace/hanyu-pinyin-audio/releases/tag/v0.1,zispace/hanyu-pinyin-audio source archive contributors,See upstream source archive,https://github.com/zispace/hanyu-pinyin-audio/releases/tag/v0.1,"Auxiliary audio from github-hugolpz-audio.zip. This is a full Mandarin syllable demo, not isolated IPA-symbol audio. nearest rhotic syllable demo"
mandarin_ipa_oe_less_rounded.mp3,Wikimedia Commons IPA chart audio,File:Open-mid front rounded vowel (2).ogg for [œ̜],https://commons.wikimedia.org/wiki/File:Open-mid_front_rounded_vowel_(2).ogg,Wikimedia Commons contributors; see source file page,See source file page,https://commons.wikimedia.org/wiki/File:Open-mid_front_rounded_vowel_(2).ogg,Direct IPA chart audio from https://en.wikipedia.org/wiki/IPA_vowel_chart_with_audio.
mandarin_ipa_ou.mp3,Pinyin syllable demo,zispace/hanyu-pinyin-audio pinyin syllable ou1.mp3 for [ou̯],https://github.com/zispace/hanyu-pinyin-audio/releases/tag/v0.1,zispace/hanyu-pinyin-audio source archive contributors,See upstream source archive,https://github.com/zispace/hanyu-pinyin-audio/releases/tag/v0.1,"Auxiliary audio from github-hugolpz-audio.zip. This is a full Mandarin syllable demo, not isolated IPA-symbol audio."
mandarin_ipa_ou_rhotic.mp3,Pinyin syllable demo,zispace/hanyu-pinyin-audio pinyin syllable ou1.mp3 for [ou̯˞],https://github.com/zispace/hanyu-pinyin-audio/releases/tag/v0.1,zispace/hanyu-pinyin-audio source archive contributors,See upstream source archive,https://github.com/zispace/hanyu-pinyin-audio/releases/tag/v0.1,"Auxiliary audio from github-hugolpz-audio.zip. This is a full Mandarin syllable demo, not isolated IPA-symbol audio. base ou syllable demo; not erhua"
mandarin_ipa_p.mp3,Wikimedia Commons IPA chart audio,File:Voiceless bilabial plosive.ogg for [p],https://commons.wikimedia.org/wiki/File:Voiceless_bilabial_plosive.ogg,Wikimedia Commons contributors; see source file page,See source file page,https://commons.wikimedia.org/wiki/File:Voiceless_bilabial_plosive.ogg,Direct IPA chart audio from https://en.wikipedia.org/wiki/IPA_consonant_chart_with_audio.
mandarin_ipa_p_aspirated.mp3,Pinyin syllable demo,zispace/hanyu-pinyin-audio pinyin syllable pa1.mp3 for [pʰ],https://github.com/zispace/hanyu-pinyin-audio/releases/tag/v0.1,zispace/hanyu-pinyin-audio source archive contributors,See upstream source archive,https://github.com/zispace/hanyu-pinyin-audio/releases/tag/v0.1,"Auxiliary audio from github-hugolpz-audio.zip. This is a full Mandarin syllable demo, not isolated IPA-symbol audio. aspirated Mandarin p in pa1"
mandarin_ipa_retroflex_approximant.mp3,Wikimedia Commons IPA chart audio,File:Retroflex Approximant2.oga for [ɻ],https://commons.wikimedia.org/wiki/File:Retroflex_Approximant2.oga,Wikimedia Commons contributors; see source file page,See source file page,https://commons.wikimedia.org/wiki/File:Retroflex_Approximant2.oga,Direct IPA chart audio from https://en.wikipedia.org/wiki/IPA_consonant_chart_with_audio.
mandarin_ipa_retroflex_sibilant.mp3,Wikimedia Commons IPA chart audio,File:Voiceless retroflex sibilant.ogg for [ʂ],https://commons.wikimedia.org/wiki/File:Voiceless_retroflex_sibilant.ogg,Wikimedia Commons contributors; see source file page,See source file page,https://commons.wikimedia.org/wiki/File:Voiceless_retroflex_sibilant.ogg,Direct IPA chart audio from https://en.wikipedia.org/wiki/IPA_consonant_chart_with_audio.
mandarin_ipa_retroflex_sibilant_voiced.mp3,Wikimedia Commons IPA chart audio,File:Voiced retroflex sibilant.ogg for [ʐ],https://commons.wikimedia.org/wiki/File:Voiced_retroflex_sibilant.ogg,Wikimedia Commons contributors; see source file page,See source file page,https://commons.wikimedia.org/wiki/File:Voiced_retroflex_sibilant.ogg,Direct IPA chart audio from https://en.wikipedia.org/wiki/IPA_consonant_chart_with_audio.
mandarin_ipa_s.mp3,Wikimedia Commons IPA chart audio,File:Voiceless alveolar sibilant.ogg for [s],https://commons.wikimedia.org/wiki/File:Voiceless_alveolar_sibilant.ogg,Wikimedia Commons contributors; see source file page,See source file page,https://commons.wikimedia.org/wiki/File:Voiceless_alveolar_sibilant.ogg,Direct IPA chart audio from https://en.wikipedia.org/wiki/IPA_consonant_chart_with_audio.
mandarin_ipa_schwa.mp3,Wikimedia Commons IPA chart audio,File:Mid-central vowel.ogg for [ə],https://commons.wikimedia.org/wiki/File:Mid-central_vowel.ogg,Wikimedia Commons contributors; see source file page,See source file page,https://commons.wikimedia.org/wiki/File:Mid-central_vowel.ogg,Direct IPA chart audio from https://en.wikipedia.org/wiki/IPA_vowel_chart_with_audio.
mandarin_ipa_syllabic_alveolar_approximant.mp3,Pinyin syllable demo,zispace/hanyu-pinyin-audio pinyin syllable ri4.mp3 for [ɹ̩],https://github.com/zispace/hanyu-pinyin-audio/releases/tag/v0.1,zispace/hanyu-pinyin-audio source archive contributors,See upstream source archive,https://github.com/zispace/hanyu-pinyin-audio/releases/tag/v0.1,"Auxiliary audio from github-hugolpz-audio.zip. This is a full Mandarin syllable demo, not isolated IPA-symbol audio. nearest Mandarin r/ri syllable demo"
mandarin_ipa_syllabic_eng.mp3,Pinyin syllable demo,zispace/hanyu-pinyin-audio pinyin syllable ng1.mp3 for [ŋ̍],https://github.com/zispace/hanyu-pinyin-audio/releases/tag/v0.1,zispace/hanyu-pinyin-audio source archive contributors,See upstream source archive,https://github.com/zispace/hanyu-pinyin-audio/releases/tag/v0.1,"Fallback from github-hugolpz-more.zip. This is a full Mandarin syllable demo, not isolated IPA-symbol audio. syllabic ng-like Mandarin interjection"
mandarin_ipa_syllabic_m.mp3,Pinyin syllable demo,zispace/hanyu-pinyin-audio pinyin syllable m1.mp3 for [m̩],https://github.com/zispace/hanyu-pinyin-audio/releases/tag/v0.1,zispace/hanyu-pinyin-audio source archive contributors,See upstream source archive,https://github.com/zispace/hanyu-pinyin-audio/releases/tag/v0.1,"Fallback from github-hugolpz-more.zip. This is a full Mandarin syllable demo, not isolated IPA-symbol audio. syllabic m-like Mandarin interjection"
mandarin_ipa_syllabic_n.mp3,Pinyin syllable demo,zispace/hanyu-pinyin-audio pinyin syllable n1.mp3 for [n̩],https://github.com/zispace/hanyu-pinyin-audio/releases/tag/v0.1,zispace/hanyu-pinyin-audio source archive contributors,See upstream source archive,https://github.com/zispace/hanyu-pinyin-audio/releases/tag/v0.1,"Fallback from github-hugolpz-more.zip. This is a full Mandarin syllable demo, not isolated IPA-symbol audio. syllabic n-like Mandarin interjection"
mandarin_ipa_syllabic_retroflex_approximant.mp3,Pinyin syllable demo,zispace/hanyu-pinyin-audio pinyin syllable ri4.mp3 for [ɻ̩],https://github.com/zispace/hanyu-pinyin-audio/releases/tag/v0.1,zispace/hanyu-pinyin-audio source archive contributors,See upstream source archive,https://github.com/zispace/hanyu-pinyin-audio/releases/tag/v0.1,"Auxiliary audio from github-hugolpz-audio.zip. This is a full Mandarin syllable demo, not isolated IPA-symbol audio. nearest Mandarin r/ri syllable demo"
mandarin_ipa_t.mp3,Wikimedia Commons IPA chart audio,File:Voiceless alveolar plosive.ogg for [t],https://commons.wikimedia.org/wiki/File:Voiceless_alveolar_plosive.ogg,Wikimedia Commons contributors; see source file page,See source file page,https://commons.wikimedia.org/wiki/File:Voiceless_alveolar_plosive.ogg,Direct IPA chart audio from https://en.wikipedia.org/wiki/IPA_consonant_chart_with_audio.
mandarin_ipa_t_alveolopalatal_affricate.mp3,Wikimedia Commons IPA chart audio,File:Voiceless alveolo-palatal affricate.ogg for [t͡ɕ],https://commons.wikimedia.org/wiki/File:Voiceless_alveolo-palatal_affricate.ogg,Wikimedia Commons contributors; see source file page,See source file page,https://commons.wikimedia.org/wiki/File:Voiceless_alveolo-palatal_affricate.ogg,Direct IPA chart audio from https://en.wikipedia.org/wiki/IPA_consonant_chart_with_audio.
mandarin_ipa_t_alveolopalatal_affricate_aspirated.mp3,Pinyin syllable demo,zispace/hanyu-pinyin-audio pinyin syllable qi1.mp3 for [t͡ɕʰ],https://github.com/zispace/hanyu-pinyin-audio/releases/tag/v0.1,zispace/hanyu-pinyin-audio source archive contributors,See upstream source archive,https://github.com/zispace/hanyu-pinyin-audio/releases/tag/v0.1,"Auxiliary audio from github-hugolpz-audio.zip. This is a full Mandarin syllable demo, not isolated IPA-symbol audio. aspirated Mandarin q in qi1"
mandarin_ipa_t_aspirated.mp3,Pinyin syllable demo,zispace/hanyu-pinyin-audio pinyin syllable ta1.mp3 for [tʰ],https://github.com/zispace/hanyu-pinyin-audio/releases/tag/v0.1,zispace/hanyu-pinyin-audio source archive contributors,See upstream source archive,https://github.com/zispace/hanyu-pinyin-audio/releases/tag/v0.1,"Auxiliary audio from github-hugolpz-audio.zip. This is a full Mandarin syllable demo, not isolated IPA-symbol audio. aspirated Mandarin t in ta1"
mandarin_ipa_t_retroflex_affricate.mp3,Wikimedia Commons IPA chart audio,File:Voiceless retroflex affricate.ogg for [ʈ͡ʂ],https://commons.wikimedia.org/wiki/File:Voiceless_retroflex_affricate.ogg,Wikimedia Commons contributors; see source file page,See source file page,https://commons.wikimedia.org/wiki/File:Voiceless_retroflex_affricate.ogg,Direct IPA chart audio from https://en.wikipedia.org/wiki/IPA_consonant_chart_with_audio.
mandarin_ipa_t_retroflex_affricate_aspirated.mp3,Pinyin syllable demo,zispace/hanyu-pinyin-audio pinyin syllable chi1.mp3 for [ʈ͡ʂʰ],https://github.com/zispace/hanyu-pinyin-audio/releases/tag/v0.1,zispace/hanyu-pinyin-audio source archive contributors,See upstream source archive,https://github.com/zispace/hanyu-pinyin-audio/releases/tag/v0.1,"Auxiliary audio from github-hugolpz-audio.zip. This is a full Mandarin syllable demo, not isolated IPA-symbol audio. aspirated Mandarin ch in chi1"
mandarin_ipa_tone_1.mp3,Pinyin syllable demo,zispace/hanyu-pinyin-audio pinyin syllable ma1.mp3 for ˥˥,https://github.com/zispace/hanyu-pinyin-audio/releases/tag/v0.1,zispace/hanyu-pinyin-audio source archive contributors,See upstream source archive,https://github.com/zispace/hanyu-pinyin-audio/releases/tag/v0.1,"Auxiliary audio from github-hugolpz-audio.zip. This is a full Mandarin syllable demo, not isolated IPA-symbol audio."
mandarin_ipa_tone_2.mp3,Pinyin syllable demo,zispace/hanyu-pinyin-audio pinyin syllable ma2.mp3 for ˧˥,https://github.com/zispace/hanyu-pinyin-audio/releases/tag/v0.1,zispace/hanyu-pinyin-audio source archive contributors,See upstream source archive,https://github.com/zispace/hanyu-pinyin-audio/releases/tag/v0.1,"Auxiliary audio from github-hugolpz-audio.zip. This is a full Mandarin syllable demo, not isolated IPA-symbol audio."
mandarin_ipa_tone_3.mp3,Pinyin syllable demo,zispace/hanyu-pinyin-audio pinyin syllable ma3.mp3 for ˨˩˦,https://github.com/zispace/hanyu-pinyin-audio/releases/tag/v0.1,zispace/hanyu-pinyin-audio source archive contributors,See upstream source archive,https://github.com/zispace/hanyu-pinyin-audio/releases/tag/v0.1,"Auxiliary audio from github-hugolpz-audio.zip. This is a full Mandarin syllable demo, not isolated IPA-symbol audio."
mandarin_ipa_tone_4.mp3,Pinyin syllable demo,zispace/hanyu-pinyin-audio pinyin syllable ma4.mp3 for ˥˩,https://github.com/zispace/hanyu-pinyin-audio/releases/tag/v0.1,zispace/hanyu-pinyin-audio source archive contributors,See upstream source archive,https://github.com/zispace/hanyu-pinyin-audio/releases/tag/v0.1,"Auxiliary audio from github-hugolpz-audio.zip. This is a full Mandarin syllable demo, not isolated IPA-symbol audio."
mandarin_ipa_ts.mp3,Wikimedia Commons IPA chart audio,File:Voiceless alveolar sibilant affricate.oga for [t͡s],https://commons.wikimedia.org/wiki/File:Voiceless_alveolar_sibilant_affricate.oga,Wikimedia Commons contributors; see source file page,See source file page,https://commons.wikimedia.org/wiki/File:Voiceless_alveolar_sibilant_affricate.oga,Direct IPA chart audio from https://en.wikipedia.org/wiki/IPA_consonant_chart_with_audio.
mandarin_ipa_ts_aspirated.mp3,Pinyin syllable demo,zispace/hanyu-pinyin-audio pinyin syllable ci1.mp3 for [t͡sʰ],https://github.com/zispace/hanyu-pinyin-audio/releases/tag/v0.1,zispace/hanyu-pinyin-audio source archive contributors,See upstream source archive,https://github.com/zispace/hanyu-pinyin-audio/releases/tag/v0.1,"Auxiliary audio from github-hugolpz-audio.zip. This is a full Mandarin syllable demo, not isolated IPA-symbol audio. aspirated Mandarin c in ci1"
mandarin_ipa_turned_a_er.mp3,Pinyin syllable demo,zispace/hanyu-pinyin-audio pinyin syllable er2.mp3 for [ɐɚ̯],https://github.com/zispace/hanyu-pinyin-audio/releases/tag/v0.1,zispace/hanyu-pinyin-audio source archive contributors,See upstream source archive,https://github.com/zispace/hanyu-pinyin-audio/releases/tag/v0.1,"Auxiliary audio from github-hugolpz-audio.zip. This is a full Mandarin syllable demo, not isolated IPA-symbol audio. nearest rhotic syllable demo"
mandarin_ipa_u.mp3,Wikimedia Commons IPA chart audio,File:Close back rounded vowel.ogg for [u],https://commons.wikimedia.org/wiki/File:Close_back_rounded_vowel.ogg,Wikimedia Commons contributors; see source file page,See source file page,https://commons.wikimedia.org/wiki/File:Close_back_rounded_vowel.ogg,Direct IPA chart audio from https://en.wikipedia.org/wiki/IPA_vowel_chart_with_audio.
mandarin_ipa_u_rhotic.mp3,Pinyin syllable demo,zispace/hanyu-pinyin-audio pinyin syllable er2.mp3 for [u˞],https://github.com/zispace/hanyu-pinyin-audio/releases/tag/v0.1,zispace/hanyu-pinyin-audio source archive contributors,See upstream source archive,https://github.com/zispace/hanyu-pinyin-audio/releases/tag/v0.1,"Auxiliary audio from github-hugolpz-audio.zip. This is a full Mandarin syllable demo, not isolated IPA-symbol audio. nearest rhotic syllable demo"
mandarin_ipa_upsilon.mp3,Wikimedia Commons IPA chart audio,File:Near-close near-back rounded vowel.ogg for [ʊ],https://commons.wikimedia.org/wiki/File:Near-close_near-back_rounded_vowel.ogg,Wikimedia Commons contributors; see source file page,See source file page,https://commons.wikimedia.org/wiki/File:Near-close_near-back_rounded_vowel.ogg,Direct IPA chart audio from https://en.wikipedia.org/wiki/IPA_vowel_chart_with_audio.
mandarin_ipa_upsilon_nasalized_rhotic.mp3,Pinyin syllable demo,zispace/hanyu-pinyin-audio pinyin syllable er2.mp3 for [ʊ̃˞],https://github.com/zispace/hanyu-pinyin-audio/releases/tag/v0.1,zispace/hanyu-pinyin-audio source archive contributors,See upstream source archive,https://github.com/zispace/hanyu-pinyin-audio/releases/tag/v0.1,"Auxiliary audio from github-hugolpz-audio.zip. This is a full Mandarin syllable demo, not isolated IPA-symbol audio. nearest rhotic syllable demo"
mandarin_ipa_w.mp3,Wikimedia Commons IPA chart audio,File:Voiced labio-velar approximant.ogg for [w],https://commons.wikimedia.org/wiki/File:Voiced_labio-velar_approximant.ogg,Wikimedia Commons contributors; see source file page,See source file page,https://commons.wikimedia.org/wiki/File:Voiced_labio-velar_approximant.ogg,Direct IPA chart audio from https://en.wikipedia.org/wiki/IPA_consonant_chart_with_audio.
mandarin_ipa_x.mp3,Wikimedia Commons IPA chart audio,File:Voiceless velar fricative.ogg for [x],https://commons.wikimedia.org/wiki/File:Voiceless_velar_fricative.ogg,Wikimedia Commons contributors; see source file page,See source file page,https://commons.wikimedia.org/wiki/File:Voiceless_velar_fricative.ogg,Direct IPA chart audio from https://en.wikipedia.org/wiki/IPA_consonant_chart_with_audio.
mandarin_ipa_y.mp3,Wikimedia Commons IPA chart audio,File:Close front rounded vowel.ogg for [y],https://commons.wikimedia.org/wiki/File:Close_front_rounded_vowel.ogg,Wikimedia Commons contributors; see source file page,See source file page,https://commons.wikimedia.org/wiki/File:Close_front_rounded_vowel.ogg,Direct IPA chart audio from https://en.wikipedia.org/wiki/IPA_vowel_chart_with_audio.
mandarin_ipa_z.mp3,Wikimedia Commons IPA chart audio,File:Voiced alveolar sibilant.ogg for [z],https://commons.wikimedia.org/wiki/File:Voiced_alveolar_sibilant.ogg,Wikimedia Commons contributors; see source file page,See source file page,https://commons.wikimedia.org/wiki/File:Voiced_alveolar_sibilant.ogg,Direct IPA chart audio from https://en.wikipedia.org/wiki/IPA_consonant_chart_with_audio.
